,family,Species per Family in Data,Species per Family,Species per Family in Data_prediction,Species per Family in Data_residuals,Species per Family in Data_highlight_high,Species per Family in Data_highlight_low,R2
0,Acanthaceae,70,5526,192.5173440306435,-122.5173440306435,False,False,0.5704801480088757
1,Achariaceae,7,177,10.639448551287096,-3.6394485512870958,False,False,0.5704801480088757
2,Acoraceae,3,4,4.757063821818289,-1.7570638218182886,False,False,0.5704801480088757
3,Actinidiaceae,13,449,19.888053443862333,-6.888053443862333,False,False,0.5704801480088757
4,Aizoaceae,19,1799,65.7910556680409,-46.7910556680409,False,False,0.5704801480088757
5,Akaniaceae,2,2,4.689059374078765,-2.6890593740787647,False,False,0.5704801480088757
6,Alismataceae,4,122,8.769326238450192,-4.769326238450192,False,False,0.5704801480088757
7,Alstroemeriaceae,5,260,13.461633132477335,-8.461633132477335,False,False,0.5704801480088757
8,Altingiaceae,3,15,5.131088284385669,-2.131088284385669,False,False,0.5704801480088757
9,Amaranthaceae,66,2411,86.60041667633519,-20.600416676335186,False,False,0.5704801480088757
10,Amaryllidaceae,135,2535,90.81669243618566,44.18330756381434,False,False,0.5704801480088757
11,Anacardiaceae,55,941,36.61714758778518,18.382852412214817,False,False,0.5704801480088757
12,Ancistrocladaceae,12,20,5.3010994037344785,6.6989005962655215,False,False,0.5704801480088757
13,Anisophylleaceae,1,57,6.559181686915669,-5.559181686915669,False,False,0.5704801480088757
14,Annonaceae,206,2577,92.24478583871566,113.75521416128434,False,False,0.5704801480088757
15,Aphloiaceae,1,1,4.655057150209003,-3.655057150209003,False,False,0.5704801480088757
16,Apiaceae,278,3958,139.20185700285683,138.79814299714317,False,False,0.5704801480088757
17,Apocynaceae,342,6707,232.6739704208323,109.32602957916771,False,False,0.5704801480088757
18,Aquifoliaceae,14,574,24.13833142758257,-10.138331427582571,False,False,0.5704801480088757
19,Araceae,34,4593,160.79326916015563,-126.79326916015563,False,False,0.5704801480088757
20,Araliaceae,46,1686,61.948804370757806,-15.948804370757806,False,False,0.5704801480088757
21,Araucariaceae,11,38,5.913139433390193,5.086860566609807,False,False,0.5704801480088757
22,Arecaceae,33,2527,90.54467464522756,-57.54467464522756,False,False,0.5704801480088757
23,Aristolochiaceae,49,760,30.462745067358284,18.537254932641716,False,False,0.5704801480088757
24,Asparagaceae,138,3552,125.3969541117335,12.603045888266493,False,False,0.5704801480088757
25,Asphodelaceae,59,1263,47.56586367384852,11.434136326151481,False,False,0.5704801480088757
26,Aspleniaceae,52,3425,121.07867168027374,-69.07867168027374,False,False,0.5704801480088757
27,Asteraceae,1596,35217,1202.077372947744,393.9226270522561,True,False,0.5704801480088757
28,Atherospermataceae,10,17,5.199092732125193,4.800907267874807,False,False,0.5704801480088757
29,Austrobaileyaceae,1,1,4.655057150209003,-3.655057150209003,False,False,0.5704801480088757
30,Balanopaceae,1,9,4.927074941167098,-3.927074941167098,False,False,0.5704801480088757
31,Balanophoraceae,9,61,6.695190582394717,2.3048094176052834,False,False,0.5704801480088757
32,Balsaminaceae,5,1172,44.47166130170019,-39.47166130170019,False,False,0.5704801480088757
33,Basellaceae,4,19,5.267097179864717,-1.2670971798647166,False,False,0.5704801480088757
34,Bataceae,1,2,4.689059374078765,-3.6890593740787647,False,False,0.5704801480088757
35,Begoniaceae,4,2136,77.24980511215065,-73.24980511215065,False,False,0.5704801480088757
36,Berberidaceae,95,739,29.748698366093283,65.25130163390672,False,False,0.5704801480088757
37,Betulaceae,27,210,11.76152193898924,15.23847806101076,False,False,0.5704801480088757
38,Biebersteiniaceae,3,4,4.757063821818289,-1.7570638218182886,False,False,0.5704801480088757
39,Bignoniaceae,53,904,35.359065304604,17.640934695396,False,False,0.5704801480088757
40,Bixaceae,5,27,5.539114970822812,-0.539114970822812,False,False,0.5704801480088757
41,Bonnetiaceae,1,38,5.913139433390193,-4.913139433390193,False,False,0.5704801480088757
42,Boraginaceae,139,3507,123.86685403759422,15.133145962405777,False,False,0.5704801480088757
43,Brassicaceae,310,4238,148.72247968639016,161.27752031360984,False,False,0.5704801480088757
44,Bromeliaceae,20,3720,131.1093277218535,-111.1093277218535,False,False,0.5704801480088757
45,Burseraceae,29,770,30.8027673060559,-1.8027673060559017,False,False,0.5704801480088757
46,Buxaceae,15,129,9.007341805538527,5.992658194461473,False,False,0.5704801480088757
47,Cabombaceae,1,7,4.859070493427574,-3.8590704934275744,False,False,0.5704801480088757
48,Cactaceae,76,1984,72.08146708394685,3.9185329160531523,False,False,0.5704801480088757
49,Calceolariaceae,7,274,13.937664266654002,-6.937664266654002,False,False,0.5704801480088757
50,Calophyllaceae,55,437,19.480026757425193,35.51997324257481,False,False,0.5704801480088757
51,Calycanthaceae,4,11,4.995079388906622,-0.9950793889066221,False,False,0.5704801480088757
52,Calyceraceae,1,47,6.219159448218051,-5.219159448218051,False,False,0.5704801480088757
53,Campanulaceae,30,2517,90.20465240652995,-60.204652406529945,False,False,0.5704801480088757
54,Canellaceae,10,23,5.403106075343764,4.596893924656236,False,False,0.5704801480088757
55,Cannabaceae,8,113,8.463306223622336,-0.463306223622336,False,False,0.5704801480088757
56,Cannaceae,2,12,5.029081612776384,-3.029081612776384,False,False,0.5704801480088757
57,Capparaceae,35,438,19.514028981294953,15.485971018705047,False,False,0.5704801480088757
58,Caprifoliaceae,63,1120,42.70354566047257,20.29645433952743,False,False,0.5704801480088757
59,Cardiopteridaceae,2,41,6.015146104999479,-4.015146104999479,False,False,0.5704801480088757
60,Caricaceae,7,44,6.117152776608764,0.8828472233912361,False,False,0.5704801480088757
61,Caryocaraceae,1,26,5.50511274695305,-4.50511274695305,False,False,0.5704801480088757
62,Caryophyllaceae,56,3403,120.33062275513899,-64.33062275513899,False,False,0.5704801480088757
63,Casuarinaceae,5,91,7.715257298487574,-2.7152572984875736,False,False,0.5704801480088757
64,Celastraceae,79,1365,51.03409050856423,27.965909491435767,False,False,0.5704801480088757
65,Centroplacaceae,1,9,4.927074941167098,-3.927074941167098,False,False,0.5704801480088757
66,Cephalotaceae,1,1,4.655057150209003,-3.655057150209003,False,False,0.5704801480088757
67,Cephalotaxaceae,6,8,4.893072717297336,1.1069272827026637,False,False,0.5704801480088757
68,Ceratophyllaceae,1,6,4.825068269557812,-3.8250682695578124,False,False,0.5704801480088757
69,Cercidiphyllaceae,1,2,4.689059374078765,-3.6890593740787647,False,False,0.5704801480088757
70,Chloranthaceae,8,75,7.171221716571383,0.8287782834286173,False,False,0.5704801480088757
71,Chrysobalanaceae,9,546,23.186269159229237,-14.186269159229237,False,False,0.5704801480088757
72,Cistaceae,13,292,14.549704296309715,-1.5497042963097147,False,False,0.5704801480088757
73,Cleomaceae,27,225,12.271555297035668,14.728444702964332,False,False,0.5704801480088757
74,Clethraceae,1,100,8.02127731331543,-7.02127731331543,False,False,0.5704801480088757
75,Clusiaceae,115,909,35.52907642395281,79.4709235760472,False,False,0.5704801480088757
76,Colchicaceae,46,295,14.651710967919001,31.348289032081,False,False,0.5704801480088757
77,Columelliaceae,1,8,4.893072717297336,-3.8930727172973363,False,False,0.5704801480088757
78,Combretaceae,32,586,24.546358114019714,7.453641885980286,False,False,0.5704801480088757
79,Commelinaceae,4,782,31.210793992493045,-27.210793992493045,False,False,0.5704801480088757
80,Connaraceae,4,241,12.815590878951859,-8.815590878951859,False,False,0.5704801480088757
81,Convolvulaceae,89,1979,71.91145596459803,17.088544035401966,False,False,0.5704801480088757
82,Coriariaceae,5,17,5.199092732125193,-0.19909273212519274,False,False,0.5704801480088757
83,Cornaceae,17,113,8.463306223622336,8.536693776377664,False,False,0.5704801480088757
84,Costaceae,3,163,10.16341741711043,-7.163417417110431,False,False,0.5704801480088757
85,Crassulaceae,54,1823,66.60710904091519,-12.60710904091519,False,False,0.5704801480088757
86,Crossosomataceae,1,7,4.859070493427574,-3.8590704934275744,False,False,0.5704801480088757
87,Cucurbitaceae,48,1065,40.833423347635666,7.166576652364334,False,False,0.5704801480088757
88,Cunoniaceae,9,337,16.079804370449,-7.079804370449001,False,False,0.5704801480088757
89,Cupressaceae,75,177,10.639448551287096,64.3605514487129,False,False,0.5704801480088757
90,Cyatheaceae,8,816,32.36686960406495,-24.366869604064952,False,False,0.5704801480088757
91,Cycadaceae,5,119,8.667319566840906,-3.6673195668409058,False,False,0.5704801480088757
92,Cymodoceaceae,10,18,5.2330949559949556,4.7669050440050444,False,False,0.5704801480088757
93,Cynomoriaceae,1,1,4.655057150209003,-3.655057150209003,False,False,0.5704801480088757
94,Cyperaceae,37,6053,210.436516010008,-173.436516010008,False,False,0.5704801480088757
95,Cytinaceae,1,12,5.029081612776384,-4.029081612776384,False,False,0.5704801480088757
96,Daphniphyllaceae,9,31,5.67512386630186,3.3248761336981403,False,False,0.5704801480088757
97,Datiscaceae,1,2,4.689059374078765,-3.6890593740787647,False,False,0.5704801480088757
98,Dennstaedtiaceae,12,264,13.597642027956383,-1.5976420279563825,False,False,0.5704801480088757
99,Diapensiaceae,1,19,5.267097179864717,-4.267097179864717,False,False,0.5704801480088757
100,Dichapetalaceae,2,209,11.727519715119477,-9.727519715119477,False,False,0.5704801480088757
101,Didiereaceae,4,20,5.3010994037344785,-1.3010994037344785,False,False,0.5704801480088757
102,Didymochlaenaceae,1,20,5.3010994037344785,-4.3010994037344785,False,False,0.5704801480088757
103,Dilleniaceae,12,616,25.56642483011257,-13.56642483011257,False,False,0.5704801480088757
104,Dioncophyllaceae,3,3,4.723061597948527,-1.7230615979485266,False,False,0.5704801480088757
105,Dioscoreaceae,52,658,26.99451823264257,25.00548176735743,False,False,0.5704801480088757
106,Dipterocarpaceae,34,538,22.91425136827114,11.085748631728858,False,False,0.5704801480088757
107,Droseraceae,5,276,14.005668714393526,-9.005668714393526,False,False,0.5704801480088757
108,Drosophyllaceae,1,1,4.655057150209003,-3.655057150209003,False,False,0.5704801480088757
109,Ebenaceae,99,813,32.264862932455664,66.73513706754434,False,False,0.5704801480088757
110,Elaeagnaceae,11,107,8.259292880403764,2.7407071195962356,False,False,0.5704801480088757
111,Elaeocarpaceae,14,791,31.516814007320903,-17.516814007320903,False,False,0.5704801480088757
112,Ephedraceae,20,76,7.205223940441146,12.794776059558854,False,False,0.5704801480088757
113,Equisetaceae,8,41,6.015146104999479,1.984853895000521,False,False,0.5704801480088757
114,Ericaceae,129,4709,164.73752712904803,-35.73752712904803,False,False,0.5704801480088757
115,Eriocaulaceae,12,1230,46.443790286146374,-34.443790286146374,False,False,0.5704801480088757
116,Erythroxylaceae,27,283,14.243684281481858,12.756315718518142,False,False,0.5704801480088757
117,Escalloniaceae,4,158,9.99340629776162,-5.99340629776162,False,False,0.5704801480088757
118,Eucommiaceae,1,1,4.655057150209003,-3.655057150209003,False,False,0.5704801480088757
119,Euphorbiaceae,190,6554,227.47163016875874,-37.471630168758736,False,False,0.5704801480088757
120,Eupomatiaceae,1,3,4.723061597948527,-3.7230615979485266,False,False,0.5704801480088757
121,Eupteleaceae,1,2,4.689059374078765,-3.6890593740787647,False,False,0.5704801480088757
122,Fabaceae,1828,22681,775.825494516409,1052.174505483591,True,False,0.5704801480088757
123,Fagaceae,57,1181,44.777681316528046,12.222318683471954,False,False,0.5704801480088757
124,Fouquieriaceae,2,11,4.995079388906622,-2.995079388906622,False,False,0.5704801480088757
125,Francoaceae,3,36,5.845134985650669,-2.8451349856506694,False,False,0.5704801480088757
126,Frankeniaceae,1,84,7.477241731399241,-6.477241731399241,False,False,0.5704801480088757
127,Garryaceae,5,27,5.539114970822812,-0.539114970822812,False,False,0.5704801480088757
128,Gelsemiaceae,4,14,5.097086060515908,-1.0970860605159078,False,False,0.5704801480088757
129,Gentianaceae,137,1896,69.0892713834078,67.9107286165922,False,False,0.5704801480088757
130,Geraniaceae,32,820,32.502878499543996,-0.5028784995439963,False,False,0.5704801480088757
131,Gesneriaceae,25,3979,139.91590370412183,-114.91590370412183,False,False,0.5704801480088757
132,Ginkgoaceae,1,1,4.655057150209003,-3.655057150209003,False,False,0.5704801480088757
133,Gleicheniaceae,2,164,10.197419640980193,-8.197419640980193,False,False,0.5704801480088757
134,Gnetaceae,13,44,6.117152776608764,6.882847223391236,False,False,0.5704801480088757
135,Goodeniaceae,1,471,20.636102368997097,-19.636102368997097,False,False,0.5704801480088757
136,Griseliniaceae,1,7,4.859070493427574,-3.8590704934275744,False,False,0.5704801480088757
137,Grossulariaceae,7,198,11.353495252552097,-4.353495252552097,False,False,0.5704801480088757
138,Gunneraceae,1,65,6.831199477873764,-5.831199477873764,False,False,0.5704801480088757
139,Gyrostemonaceae,3,20,5.3010994037344785,-2.3010994037344785,False,False,0.5704801480088757
140,Haemodoraceae,14,117,8.599315119101384,5.400684880898616,False,False,0.5704801480088757
141,Haloragaceae,2,169,10.367430760329002,-8.367430760329002,False,False,0.5704801480088757
142,Hamamelidaceae,3,115,8.53131067136186,-5.53131067136186,False,False,0.5704801480088757
143,Hernandiaceae,7,70,7.001210597222574,-0.0012105972225739947,False,False,0.5704801480088757
144,Himantandraceae,1,1,4.655057150209003,-3.655057150209003,False,False,0.5704801480088757
145,Humiriaceae,1,67,6.899203925613288,-5.899203925613288,False,False,0.5704801480088757
146,Hydrangeaceae,8,226,12.305557520905431,-4.305557520905431,False,False,0.5704801480088757
147,Hydrocharitaceae,11,144,9.517375163584955,1.4826248364150452,False,False,0.5704801480088757
148,Hymenophyllaceae,1,593,24.784373681108047,-23.784373681108047,False,False,0.5704801480088757
149,Hypericaceae,63,636,26.24646930750781,36.75353069249219,False,False,0.5704801480088757
150,Hypodematiaceae,2,27,5.539114970822812,-3.539114970822812,False,False,0.5704801480088757
151,Hypoxidaceae,3,166,10.265424088719715,-7.2654240887197155,False,False,0.5704801480088757
152,Icacinaceae,5,158,9.99340629776162,-4.99340629776162,False,False,0.5704801480088757
153,Iridaceae,48,2613,93.46886589802709,-45.46886589802709,False,False,0.5704801480088757
154,Irvingiaceae,2,12,5.029081612776384,-3.029081612776384,False,False,0.5704801480088757
155,Iteaceae,1,23,5.403106075343764,-4.403106075343764,False,False,0.5704801480088757
156,Juglandaceae,12,84,7.477241731399241,4.522758268600759,False,False,0.5704801480088757
157,Juncaceae,10,530,22.642233577313046,-12.642233577313046,False,False,0.5704801480088757
158,Juncaginaceae,1,35,5.811132761780907,-4.811132761780907,False,False,0.5704801480088757
159,Lamiaceae,666,8229,284.4253551506099,381.5746448493901,True,False,0.5704801480088757
160,Lardizabalaceae,7,41,6.015146104999479,0.984853895000521,False,False,0.5704801480088757
161,Lauraceae,174,3424,121.04466945640398,52.95533054359602,False,False,0.5704801480088757
162,Lecythidaceae,9,395,18.05193335489519,-9.05193335489519,False,False,0.5704801480088757
163,Lentibulariaceae,2,448,19.85405121999257,-17.85405121999257,False,False,0.5704801480088757
164,Liliaceae,36,805,31.99284514149757,4.007154858502432,False,False,0.5704801480088757
165,Limnanthaceae,2,9,4.927074941167098,-2.927074941167098,False,False,0.5704801480088757
166,Linaceae,15,284,14.277686505351621,0.7223134946483789,False,False,0.5704801480088757
167,Linderniaceae,3,327,15.739782131751381,-12.739782131751381,False,False,0.5704801480088757
168,Lindsaeaceae,3,270,13.801655371174954,-10.801655371174954,False,False,0.5704801480088757
169,Loasaceae,3,335,16.01179992270948,-13.011799922709478,False,False,0.5704801480088757
170,Loganiaceae,42,504,21.758175756699238,20.241824243300762,False,False,0.5704801480088757
171,Loranthaceae,10,1076,41.20744781020304,-31.207447810203043,False,False,0.5704801480088757
172,Lycopodiaceae,45,463,20.364084578038998,24.635915421961002,False,False,0.5704801480088757
173,Lythraceae,21,701,28.45661385904233,-7.456613859042331,False,False,0.5704801480088757
174,Magnoliaceae,37,382,17.609904444588288,19.390095555411712,False,False,0.5704801480088757
175,Malpighiaceae,7,1494,55.420377387763516,-48.420377387763516,False,False,0.5704801480088757
176,Malvaceae,90,5572,194.08144632865253,-104.08144632865253,False,False,0.5704801480088757
177,Marantaceae,2,589,24.648364785629,-22.648364785629,False,False,0.5704801480088757
178,Marattiaceae,2,188,11.013473013854478,-9.013473013854478,False,False,0.5704801480088757
179,Martyniaceae,2,14,5.097086060515908,-3.097086060515908,False,False,0.5704801480088757
180,Mazaceae,1,49,6.287163895957574,-5.287163895957574,False,False,0.5704801480088757
181,Melanthiaceae,26,192,11.149481909333526,14.850518090666474,False,False,0.5704801480088757
182,Melastomataceae,18,6012,209.04242483134777,-191.04242483134777,False,False,0.5704801480088757
183,Meliaceae,89,772,30.870771753795427,58.129228246204576,False,False,0.5704801480088757
184,Menispermaceae,138,554,23.458286950187333,114.54171304981267,False,False,0.5704801480088757
185,Menyanthaceae,6,73,7.103217268831859,-1.1032172688318589,False,False,0.5704801480088757
186,Metteniusaceae,2,66,6.865201701743526,-4.865201701743526,False,False,0.5704801480088757
187,Molluginaceae,4,97,7.919270641706145,-3.919270641706145,False,False,0.5704801480088757
188,Monimiaceae,5,278,14.07367316213305,-9.07367316213305,False,False,0.5704801480088757
189,Montiaceae,1,278,14.07367316213305,-13.07367316213305,False,False,0.5704801480088757
190,Moraceae,98,1302,48.89195040476923,49.10804959523077,False,False,0.5704801480088757
191,Moringaceae,3,13,5.063083836646146,-2.063083836646146,False,False,0.5704801480088757
192,Muntingiaceae,1,3,4.723061597948527,-3.7230615979485266,False,False,0.5704801480088757
193,Musaceae,4,98,7.953272865575907,-3.953272865575907,False,False,0.5704801480088757
194,Myodocarpaceae,1,15,5.131088284385669,-4.131088284385669,False,False,0.5704801480088757
195,Myricaceae,7,52,6.389170567566859,0.6108294324331407,False,False,0.5704801480088757
196,Myristicaceae,35,541,23.01625803988043,11.98374196011957,False,False,0.5704801480088757
197,Myrtaceae,170,6379,221.5212409915504,-51.5212409915504,False,False,0.5704801480088757
198,Nelumbonaceae,1,2,4.689059374078765,-3.6890593740787647,False,False,0.5704801480088757
199,Nepenthaceae,3,212,11.829526386728762,-8.829526386728762,False,False,0.5704801480088757
200,Nitrariaceae,9,17,5.199092732125193,3.8009072678748073,False,False,0.5704801480088757
201,Nothofagaceae,11,42,6.049148328869241,4.950851671130759,False,False,0.5704801480088757
202,Nyctaginaceae,9,466,20.466091249648287,-11.466091249648287,False,False,0.5704801480088757
203,Nymphaeaceae,19,101,8.055279537185193,10.944720462814807,False,False,0.5704801480088757
204,Nyssaceae,3,37,5.879137209520431,-2.8791372095204313,False,False,0.5704801480088757
205,Ochnaceae,16,643,26.48448487459614,-10.484484874596141,False,False,0.5704801480088757
206,Olacaceae,10,185,10.911466342245191,-0.9114663422451912,False,False,0.5704801480088757
207,Oleaceae,81,767,30.700760634446617,50.29923936555338,False,False,0.5704801480088757
208,Onagraceae,24,799,31.788831798279,-7.7888317982789985,False,False,0.5704801480088757
209,Ophioglossaceae,3,145,9.551377387454716,-6.551377387454716,False,False,0.5704801480088757
210,Orchidaceae,137,31577,1078.3092780618106,-941.3092780618106,False,True,0.5704801480088757
211,Orobanchaceae,65,2280,82.14612534939637,-17.14612534939637,False,False,0.5704801480088757
212,Osmundaceae,3,28,5.573117194692574,-2.573117194692574,False,False,0.5704801480088757
213,Oxalidaceae,10,685,27.91257827712614,-17.91257827712614,False,False,0.5704801480088757
214,Paeoniaceae,9,42,6.049148328869241,2.950851671130759,False,False,0.5704801480088757
215,Pandaceae,2,17,5.199092732125193,-3.1990927321251927,False,False,0.5704801480088757
216,Pandanaceae,5,931,36.27712534908757,-31.27712534908757,False,False,0.5704801480088757
217,Papaveraceae,192,1062,40.73141667602638,151.26858332397362,False,False,0.5704801480088757
218,Paracryphiaceae,1,36,5.845134985650669,-4.845134985650669,False,False,0.5704801480088757
219,Passifloraceae,32,1058,40.59540778054733,-8.595407780547333,False,False,0.5704801480088757
220,Paulowniaceae,3,11,4.995079388906622,-1.995079388906622,False,False,0.5704801480088757
221,Pedaliaceae,8,79,7.3072306120504305,0.6927693879495695,False,False,0.5704801480088757
222,Pentadiplandraceae,1,1,4.655057150209003,-3.655057150209003,False,False,0.5704801480088757
223,Pentaphylacaceae,8,541,23.01625803988043,-15.01625803988043,False,False,0.5704801480088757
224,Penthoraceae,1,2,4.689059374078765,-3.6890593740787647,False,False,0.5704801480088757
225,Peraceae,2,107,8.259292880403764,-6.259292880403764,False,False,0.5704801480088757
226,Petiveriaceae,2,22,5.369103851474002,-3.3691038514740024,False,False,0.5704801480088757
227,Petrosaviaceae,1,3,4.723061597948527,-3.7230615979485266,False,False,0.5704801480088757
228,Philydraceae,1,6,4.825068269557812,-3.8250682695578124,False,False,0.5704801480088757
229,Phrymaceae,8,230,12.441566416384479,-4.441566416384479,False,False,0.5704801480088757
230,Phyllanthaceae,49,2101,76.059727276709,-27.059727276708998,False,False,0.5704801480088757
231,Physenaceae,1,2,4.689059374078765,-3.6890593740787647,False,False,0.5704801480088757
232,Phytolaccaceae,7,34,5.7771305379111455,1.2228694620888545,False,False,0.5704801480088757
233,Picramniaceae,6,54,6.457175015306383,-0.45717501530638316,False,False,0.5704801480088757
234,Picrodendraceae,2,98,7.953272865575907,-5.953272865575907,False,False,0.5704801480088757
235,Pinaceae,110,268,13.73365092343543,96.26634907656457,False,False,0.5704801480088757
236,Piperaceae,67,3871,136.24366352618756,-69.24366352618756,False,False,0.5704801480088757
237,Pittosporaceae,3,324,15.637775460142096,-12.637775460142096,False,False,0.5704801480088757
238,Plantaginaceae,158,2208,79.69796523077352,78.30203476922648,False,False,0.5704801480088757
239,Platanaceae,4,10,4.96107716503686,-0.9610771650368601,False,False,0.5704801480088757
240,Plumbaginaceae,16,1139,43.34958791399804,-27.349587913998043,False,False,0.5704801480088757
241,Poaceae,89,12364,425.0245508520754,-336.0245508520754,False,True,0.5704801480088757
242,Podocarpaceae,44,199,11.38749747642186,32.612502523578144,False,False,0.5704801480088757
243,Polemoniaceae,7,430,19.242011190336857,-12.242011190336857,False,False,0.5704801480088757
244,Polygalaceae,29,1336,50.04802601634114,-21.04802601634114,False,False,0.5704801480088757
245,Polygonaceae,90,1602,59.0926175656978,30.9073824343022,False,False,0.5704801480088757
246,Polypodiaceae,44,4525,158.48111793701185,-114.48111793701185,False,False,0.5704801480088757
247,Pontederiaceae,1,47,6.219159448218051,-5.219159448218051,False,False,0.5704801480088757
248,Portulacaceae,3,153,9.823395178412811,-6.823395178412811,False,False,0.5704801480088757
249,Posidoniaceae,2,9,4.927074941167098,-2.927074941167098,False,False,0.5704801480088757
250,Potamogetonaceae,5,194,11.21748635707305,-6.217486357073049,False,False,0.5704801480088757
251,Primulaceae,73,3412,120.63664276996684,-47.63664276996684,False,False,0.5704801480088757
252,Proteaceae,17,1875,68.3752246821428,-51.3752246821428,False,False,0.5704801480088757
253,Psilotaceae,1,20,5.3010994037344785,-4.3010994037344785,False,False,0.5704801480088757
254,Pteridaceae,56,1421,52.9382150452709,3.0617849547290987,False,False,0.5704801480088757
255,Putranjivaceae,6,221,12.13554640155662,-6.135546401556621,False,False,0.5704801480088757
256,Quillajaceae,1,2,4.689059374078765,-3.6890593740787647,False,False,0.5704801480088757
257,Rafflesiaceae,1,50,6.3211661198273355,-5.3211661198273355,False,False,0.5704801480088757
258,Ranunculaceae,267,4025,141.4800060021309,125.51999399786911,False,False,0.5704801480088757
259,Resedaceae,15,118,8.633317342971145,6.366682657028855,False,False,0.5704801480088757
260,Restionaceae,17,554,23.458286950187333,-6.458286950187333,False,False,0.5704801480088757
261,Rhamnaceae,73,1226,46.30778139066733,26.69221860933267,False,False,0.5704801480088757
262,Rhizophoraceae,18,155,9.891399626152335,8.108600373847665,False,False,0.5704801480088757
263,Rosaceae,182,5850,203.53406456444634,-21.53406456444634,False,False,0.5704801480088757
264,Rubiaceae,236,14352,492.62097190516204,-256.62097190516204,False,True,0.5704801480088757
265,Ruppiaceae,1,11,4.995079388906622,-3.995079388906622,False,False,0.5704801480088757
266,Rutaceae,434,2224,80.24200081268971,353.7579991873103,True,False,0.5704801480088757
267,Sabiaceae,4,164,10.197419640980193,-6.197419640980193,False,False,0.5704801480088757
268,Salicaceae,82,1618,59.63665314761399,22.36334685238601,False,False,0.5704801480088757
269,Salvadoraceae,1,10,4.96107716503686,-3.96107716503686,False,False,0.5704801480088757
270,Salviniaceae,1,21,5.3351016276042404,-4.3351016276042404,False,False,0.5704801480088757
271,Santalaceae,18,1133,43.14557457077947,-25.145574570779473,False,False,0.5704801480088757
272,Sapindaceae,49,1995,72.45549154651422,-23.455491546514224,False,False,0.5704801480088757
273,Sapotaceae,15,1367,51.10209495630376,-36.10209495630376,False,False,0.5704801480088757
274,Sarcolaenaceae,3,72,7.069215044962098,-4.069215044962098,False,False,0.5704801480088757
275,Sarraceniaceae,8,53,6.423172791436621,1.5768272085633788,False,False,0.5704801480088757
276,Saururaceae,5,6,4.825068269557812,0.17493173044218757,False,False,0.5704801480088757
277,Saxifragaceae,41,908,35.495074200083046,5.504925799916954,False,False,0.5704801480088757
278,Schisandraceae,29,84,7.477241731399241,21.52275826860076,False,False,0.5704801480088757
279,Schizaeaceae,6,209,11.727519715119477,-5.727519715119477,False,False,0.5704801480088757
280,Sciadopityaceae,1,1,4.655057150209003,-3.655057150209003,False,False,0.5704801480088757
281,Scrophulariaceae,71,2322,83.57421875192637,-12.574218751926367,False,False,0.5704801480088757
282,Selaginellaceae,14,747,30.02071615705138,-16.02071615705138,False,False,0.5704801480088757
283,Simaroubaceae,31,126,8.90533513392924,22.094664866070758,False,False,0.5704801480088757
284,Simmondsiaceae,1,1,4.655057150209003,-3.655057150209003,False,False,0.5704801480088757
285,Siparunaceae,4,54,6.457175015306383,-2.457175015306383,False,False,0.5704801480088757
286,Smilacaceae,16,267,13.699648699565667,2.3003513004343326,False,False,0.5704801480088757
287,Solanaceae,258,2872,102.27544188029542,155.72455811970457,False,False,0.5704801480088757
288,Stachyuraceae,1,10,4.96107716503686,-3.96107716503686,False,False,0.5704801480088757
289,Staphyleaceae,2,45,6.151155000478527,-4.151155000478527,False,False,0.5704801480088757
290,Stemonaceae,18,39,5.947141657259955,12.052858342740045,False,False,0.5704801480088757
291,Stemonuraceae,1,79,7.3072306120504305,-6.3072306120504305,False,False,0.5704801480088757
292,Stilbaceae,1,40,5.981143881129717,-4.981143881129717,False,False,0.5704801480088757
293,Strelitziaceae,1,12,5.029081612776384,-4.029081612776384,False,False,0.5704801480088757
294,Styracaceae,4,163,10.16341741711043,-6.163417417110431,False,False,0.5704801480088757
295,Surianaceae,1,9,4.927074941167098,-3.927074941167098,False,False,0.5704801480088757
296,Symplocaceae,13,411,18.59596893681138,-5.595968936811381,False,False,0.5704801480088757
297,Talinaceae,1,28,5.573117194692574,-4.573117194692574,False,False,0.5704801480088757
298,Tamaricaceae,18,113,8.463306223622336,9.536693776377664,False,False,0.5704801480088757
299,Tapisciaceae,1,6,4.825068269557812,-3.8250682695578124,False,False,0.5704801480088757
300,Taxaceae,15,30,5.641121642432098,9.358878357567903,False,False,0.5704801480088757
301,Theaceae,12,373,17.30388442976043,-5.30388442976043,False,False,0.5704801480088757
302,Thymelaeaceae,48,969,37.56920985613852,10.43079014386148,False,False,0.5704801480088757
303,Tovariaceae,1,2,4.689059374078765,-3.6890593740787647,False,False,0.5704801480088757
304,Trimeniaceae,2,8,4.893072717297336,-2.8930727172973363,False,False,0.5704801480088757
305,Trochodendraceae,2,2,4.689059374078765,-2.6890593740787647,False,False,0.5704801480088757
306,Tropaeolaceae,9,97,7.919270641706145,1.0807293582938549,False,False,0.5704801480088757
307,Typhaceae,7,74,7.137219492701622,-0.1372194927016217,False,False,0.5704801480088757
308,Ulmaceae,12,65,6.831199477873764,5.168800522126236,False,False,0.5704801480088757
309,Urticaceae,14,2119,76.6717673063647,-62.6717673063647,False,False,0.5704801480088757
310,Velloziaceae,16,316,15.365757669184001,0.634242330815999,False,False,0.5704801480088757
311,Verbenaceae,38,945,36.753156483264235,1.2468435167357654,False,False,0.5704801480088757
312,Viburnaceae,28,233,12.543573087993764,15.456426912006236,False,False,0.5704801480088757
313,Violaceae,5,1288,48.41591927059257,-43.41591927059257,False,False,0.5704801480088757
314,Vitaceae,36,1039,39.949365527021854,-3.949365527021854,False,False,0.5704801480088757
315,Vochysiaceae,3,249,13.087608669909955,-10.087608669909955,False,False,0.5704801480088757
316,Welwitschiaceae,1,1,4.655057150209003,-3.655057150209003,False,False,0.5704801480088757
317,Winteraceae,7,95,7.851266193966621,-0.8512661939666213,False,False,0.5704801480088757
318,Xyridaceae,2,410,18.56196671294162,-16.56196671294162,False,False,0.5704801480088757
319,Zamiaceae,7,259,13.427630908607572,-6.427630908607572,False,False,0.5704801480088757
320,Zingiberaceae,62,2036,73.84958272517447,-11.849582725174471,False,False,0.5704801480088757
321,Zosteraceae,10,21,5.3351016276042404,4.6648983723957596,False,False,0.5704801480088757
322,Zygophyllaceae,21,295,14.651710967919001,6.348289032080999,False,False,0.5704801480088757
